tag,count
experience,9059
die,7778
world,7049
time,6724
life,5726
work,5614
community,5457
good,4613
way,4562
love,3750
people,3641
great,3441
opportunity,3278
help,2870
like,2815
und,2541
family,2414
right,2383
future,2379
thing,2270
live,2113
know,2008
need,1977
real,1959
understand,1944
insight,1859
feel,1843
creative,1827
learn,1812
unique,1754
business,1752
moment,1713
support,1709
bring,1678
eine,1674
inspire,1671
share,1664
heart,1654
quality,1637
art,1607
event,1581
color,1553
want,1553
perfect,1550
personal,1548
story,1542
knowledge,1536
journey,1535
music,1510
trust,1510
not,1502
child,1496
space,1477
var,1456
vision,1435
place,1399
enjoy,1387
new,1384
look,1363
create,1361
culture,1360
enable,1353
power,1350
content,1336
today,1332
challenge,1329
believe,1325
idea,1310
interest,1299
order,1291
change,1290
access,1262
kind,1253
person,1243
come,1242
think,1239
environment,1231
beautiful,1221
website,1220
hope,1213
day,1198
nature,1195
human,1160
information,1147
important,1135
welcome,1133
true,1131
focus,1130
online,1130
energy,1101
find,1098
discover,1086
purpose,1076
partner,1068
mind,1061
relationship,1046
simple,1039
possible,1029
matter,1027
service,1003
design,1002
passion,1002
celebrate,998
explore,996
home,988
form,985
natural,985
solution,970
little,943
sense,931
audience,924
dream,922
society,901
value,898
happy,893
fun,879
light,877
font,873
self,869
creativity,864
privacy,864
practice,862
benefit,859
malicious,858
question,858
spirit,856
commitment,850
hidden,831
mission,826
immer,824
performance,823
adventure,818
innovation,818
view,815
course,809
sustainable,809
confidence,807
success,806
truly,806
individual,804
detail,801
meaningful,801
auf,800
social,800
function,799
casino,794
expertise,792
wp,789
conversation,788
sound,779
game,774
dass,769
reality,762
vivid,762
werden,753
deep,743
continue,742
man,740
friend,739
beauty,738
technology,734
process,733
country,732
text,732
empower,729
unseren,728
complete,721
powerful,715
justice,709
healthy,707
image,704
resource,688
body,676
project,672
dedicate,671
exciting,670
preset,668
browser,657
care,647
comfort,629
skill,628
industry,626
simply,622
respect,621
start,610
enhance,609
activity,608
joy,608
transform,607
touch,603
concept,601
essential,595
voice,594
passionate,592
cookie,591
everyday,589
choice,587
unsere,587
chance,585
history,584
background,580
product,580
promise,578
vibrant,577
excellence,575
gradient,575
sind,569
awareness,564
customer,563
impact,557
source,557
talent,554
science,548
engagement,547
amazing,539
resilience,535
internet,534
landscape,534
desire,533
book,530
freedom,530
unserer,527
ready,525
unforgettable,525
innovative,523
mean,523
team,523
incredible,516
den,515
offer,515
perspective,510
aspect,502
relate,502
artistic,501
block,500
meet,500
site,499
understanding,498
approach,497
collective,496
mit,491
sondern,487
open,485
discovery,481
entertainment,481
long,480
free,476
connect,475
earth,475
fr,475
style,474
width,473
learning,472
thank,466
musik,463
menschen,460
encourage,459
pride,459
strive,455
struggle,454
own,453
inspiration,451
easy,450
embrace,450
modern,450
hier,449
diverse,446
dance,445
unser,444
intimate,442
food,441
especially,435
woman,435
different,434
ability,433
actually,433
concern,431
emotional,431
potential,428
luminous,426
client,422
p,420
health,418
difference,417
grow,417
will,416
message,413
present,412
theme,412
s,410
medium,409
clarity,406
rest,406
effort,405
problem,405
platform,404
sustainability,403
wish,401
strong,398
datum,395
soul,395
thrive,395
balance,393
year,390
identity,388
professional,388
durch,386
gift,385
peace,385
fresh,381
reward,380
wellness,380
hand,379
material,378
humanity,375
celebration,374
sure,374
link,372
reason,372
festival,370
interested,370
brand,368
tradition,368
expression,367
player,367
atmosphere,365
deeply,365
presence,365
condition,364
ideal,364
sport,364
wonderful,361
foundation,360
house,359
aus,357
nach,356
strength,355
feature,354
ultimate,354
mental,353
alle,352
connection,352
thought,350
physical,349
zu,349
achieve,347
highlight,347
realize,347
border,346
nurture,346
stress,346
lifestyle,342
collection,340
hard,340
city,338
language,336
well,336
improve,335
special,332
memory,331
program,331
enterprise,330
faith,329
positive,329
visibility,329
young,329
cookies,328
delight,328
read,328
region,328
united,328
energie,326
cultural,321
interaction,319
lot,319
context,317
appreciate,316
storytelling,315
practical,314
size,313
development,312
aim,311
use,311
excited,310
contemporary,308
finden,308
friendly,308
possibility,308
wedding,308
poetry,307
taste,307
emotion,306
lifetime,306
progress,306
bitte,305
guide,305
expect,304
happen,304
timeless,304
word,304
delicious,303
magic,303
marketing,303
outcome,301
complexity,299
ecosystem,299
intelligence,299
spiritual,299
able,298
zeit,298
curiosity,297
web,297
truth,296
high,295
responsibility,295
night,293
dich,292
thema,292
here,291
imagination,291
money,291
research,291
allen,289
fact,289
system,289
center,288
natur,288
option,288
fully,287
turn,287
functionality,286
page,286
bei,285
company,285
path,285
element,283
personalize,283
valuable,283
account,282
convenience,282
wealth,282
make,281
narrative,280
nicht,280
r,280
thrill,280
blog,279
thoughtful,279
picture,278
show,278
belief,277
deine,276
garden,276
organization,276
digital,275
immersive,275
satisfaction,275
certain,274
false,274
stellen,274
favorite,273
bright,272
result,272
ihren,271
cause,270
importance,269
youth,268
accept,267
instantly,267
living,267
movement,267
search,267
till,266
exceptional,264
artist,263
gaming,263
para,263
visual,263
attention,262
transformative,262
express,261
dynamic,260
nous,260
item,259
list,259
safe,258
fear,257
stand,257
education,256
growth,256
reflect,254
contact,253
extraordinary,252
fantasy,251
na,251
forever,250
kannst,250
feeling,248
remember,248
violence,248
imagine,247
necessary,247
post,247
climate,246
preference,246
recognize,246
patient,245
level,244
willkommen,244
javascript,243
hear,242
pleasure,242
entire,240
flexibility,240
mother,240
philosophy,240
display,237
welche,237
seamless,236
character,234
lover,234
begin,233
button,233
difficult,233
public,233
download,232
security,232
wonder,232
maken,231
return,231
comfortable,229
point,229
strengthen,229
end,228
organisation,228
proud,228
talk,227
communication,226
richtig,226
war,226
action,225
face,225
wisdom,225
authentic,224
instant,224
restaurant,224
margin,223
parent,223
dignity,222
discipline,222
software,222
voor,222
email,221
thinking,221
complex,220
deserve,220
diversity,220
global,220
planet,220
stunning,220
workshop,220
pain,219
rich,219
transformation,219
ease,217
partnership,217
pure,217
sweet,217
comment,215
completely,214
transition,214
harness,213
wurden,213
besten,212
news,212
type,212
user,212
gut,211
land,211
let,211
memorable,211
als,210
vi,210
excitement,209
fantastic,208
menu,208
shape,208
compassionate,207
familie,207
legacy,207
principle,207
video,207
spring,206
interesting,204
ist,204
group,203
hospitality,203
newsletter,203
past,202
play,202
reader,202
bringt,201
variety,201
base,200
foster,200
personalized,200
document,199
precision,199
profound,199
childhood,198
influence,198
absolute,197
expectation,196
sign,196
workplace,196
evening,195
screen,195
accessible,194
kinder,194
naturally,194
flavor,193
policy,193
realm,193
accessibility,192
cultivate,192
fair,192
individuelle,192
situation,192
daily,191
remarkable,191
tool,191
act,190
fundamental,190
surprise,190
try,190
app,189
choose,189
field,189
sin,189
u,189
animation,188
charm,188
constantly,188
destination,188
interactive,188
object,188
unserem,188
gerne,187
framework,186
gestalten,186
innerhalb,186
market,186
member,185
setting,185
wordt,185
fall,184
grace,184
healing,184
keine,184
moderne,184
network,184
aesthetic,183
generation,183
harmony,183
listen,183
musical,183
yang,182
common,181
enjoyable,181
generous,181
intuitive,181
room,181
sharing,181
holistic,180
master,180
reflection,180
training,180
compassion,179
generosity,179
surround,179
venture,179
writing,179
breakthrough,178
discussion,178
endless,178
excellent,178
address,177
anxiety,177
capability,177
france,177
universal,177
flex,176
leadership,176
local,176
available,175
friendship,175
padding,175
state,175
dark,174
e,174
environmental,174
equality,174
andere,173
findest,173
projekt,173
bringen,172
inside,172
finally,171
perfectly,171
compliance,170
perfekte,169
private,169
stability,169
travel,169
institution,168
capture,167
class,167
close,167
term,167
heritage,166
write,166
creation,165
door,165
gambling,165
schweiz,165
winter,165
effect,164
initiative,164
integrity,164
personality,164
theater,164
bis,163
engage,163
navigation,163
productivity,163
follow,162
control,161
elegance,161
gratis,161
perfekt,161
shine,161
integration,160
lifelong,160
rund,160
constant,159
curious,159
embody,159
ensure,159
occasion,159
release,159
table,159
ambition,158
compelling,158
compromise,158
erfahren,158
fast,158
see,158
technique,158
affordable,157
container,157
beste,156
empowerment,156
findet,156
goal,155
intellectual,155
international,155
magical,155
warm,155
protection,154
confident,153
promotion,153
spark,153
verbessern,153
career,152
het,152
intelligent,152
provide,152
reliable,152
visitor,152
circumstance,151
consider,151
effortless,151
inte,151
job,151
programm,151
richtigen,151
studio,151
ve,151
beautifully,150
big,150
prosperity,150
contribution,149
tage,149
university,149
acceptance,148
animal,148
header,148
water,148
essence,147
religion,147
simplicity,147
teach,147
build,146
courage,146
king,146
listener,146
machen,146
stay,146
achievement,145
der,145
je,145
mindset,145
photography,145
safety,145
t,145
children,144
conference,144
holiday,144
integrate,144
objective,144
ocean,144
folgenden,143
mobility,143
developer,142
inner,142
large,142
relax,142
selection,142
step,142
transparency,142
vulnerability,142
brain,141
genuine,141
appreciation,140
insbesondere,140
structure,140
cloud,139
consent,139
sort,139
student,139
disability,138
eigenen,138
sacrifice,138
treasure,138
application,137
financial,137
homelessness,137
saving,137
universe,137
watch,137
circle,136
code,136
instrument,136
interesse,136
produktion,136
architecture,135
contribute,135
grateful,135
impactful,135
joyful,135
password,135
property,135
title,135
warmth,135
artificial,134
drink,134
subject,134
unter,134
worden,134
anderen,133
forward,133
management,133
personally,133
samen,133
vital,133
collaboration,132
d,132
forget,132
interface,132
strategy,132
take,132
zwischen,132
besonders,131
instruction,131
readiness,131
stream,131
wellbeing,131
film,130
height,130
improvement,130
advantage,129
grid,129
recovery,129
sofort,129
experienced,128
neighborhood,128
preserve,128
promote,128
romantic,128
smile,128
transparent,128
agree,127
besteht,127
connectivity,127
envision,127
feedback,127
informatie,127
sector,127
tweak,127
craft,126
outstanding,126
plan,126
precious,126
award,125
basis,125
device,125
give,125
impression,125
modernen,125
z,125
besondere,124
consciousness,124
green,124
guarantee,124
number,124
portfolio,124
reading,124
zum,124
excite,123
file,123
hinter,123
meaning,123
nachhaltige,123
o,123
treat,123
chaos,122
charitable,122
comprehensive,122
fascinating,122
mystery,122
regardless,122
school,122
suchen,122
unparalleled,122
experiment,121
sight,121
spotlight,121
update,121
working,121
zuhause,121
bonus,120
core,120
maintain,120
reminder,120
root,120
sustain,120
thoughtfully,120
classic,119
happiness,119
honor,119
particular,119
economic,118
efficiency,118
gather,118
host,118
main,118
null,118
recognition,118
sleep,118
weight,118
building,117
charity,117
definitely,117
hunger,117
line,117
requirement,117
resonate,117
small,117
tangible,117
technik,117
template,117
countless,116
depth,116
humor,116
index,116
min,116
uncertainty,116
article,115
concert,115
eigene,115
erfahrung,115
lange,115
quiet,115
range,115
responsible,115
adresse,114
democracy,114
issue,114
lead,114
meditation,114
accomplish,113
active,113
conscious,113
const,113
deliver,113
exist,113
profit,113
stage,113
uplift,113
continuous,112
danger,112
existence,112
fitness,112
generate,112
infrastructure,112
personnes,112
se,112
sea,112
strange,112
teaching,112
charming,111
classical,111
dimension,111
effective,111
empathy,111
familiar,111
genre,111
ideale,111
model,111
mountain,111
oder,111
patience,111
silence,111
stewardship,111
break,110
decision,110
digitale,110
liberty,110
reach,110
spectacular,110
wordpress,110
effortlessly,109
informieren,109
mix,109
position,109
probably,109
solidarity,109
answer,108
demand,108
drive,108
grief,108
ongoing,108
privilege,108
wine,108
area,107
case,107
define,107
fairness,107
forest,107
gemeinsam,107
ground,107
intend,107
outdoor,107
schon,107
absolutely,106
back,106
date,106
gratitude,106
investment,106
lovely,106
mail,106
notice,106
offering,106
summer,106
ticket,106
tragen,106
alles,105
bit,105
measure,105
realistic,105
reliability,105
unity,105
clear,104
creator,104
description,104
een,104
junge,104
medicine,104
script,104
session,104
visit,104
exhibition,103
extreme,103
flourish,103
late,103
normal,103
romance,103
sexual,103
store,103
card,102
consistent,102
eines,102
entertain,102
flower,102
hotel,102
intense,102
mood,102
perception,102
production,102
provider,102
refreshing,102
demonstrate,101
direction,101
essen,101
exploration,101
fusion,101
heartfelt,101
overwhelming,101
park,101
profession,101
relevant,101
significant,101
spectacle,101
status,101
describe,100
economy,100
encounter,100
example,100
exclusive,100
interact,100
leave,100
thrilled,100
association,99
bist,99
meisten,99
membership,99
solid,99
trend,99
unfortunately,99
week,99
artikel,98
attitude,98
develop,98
edge,98
exactly,98
showcase,98
weather,98
blend,97
component,97
easily,97
ende,97
folk,97
helping,97
honest,97
lively,97
programme,97
reputation,97
scene,97
useful,97
alignment,96
beginnt,96
behavior,96
cherish,96
erstellen,96
quickly,96
risk,96
worldwide,96
characteristic,95
consequence,95
craftsmanship,95
discount,95
entirely,95
having,95
illness,95
longevity,95
protect,95
shopping,95
acknowledge,94
alliance,94
dialogue,94
evolution,94
instead,94
k,94
resilient,94
situs,94
tous,94
traditional,94
ultimately,94
zimmer,94
current,93
ensemble,93
extra,93
old,93
scientific,93
terpercaya,93
wild,93
witness,93
alternative,92
assurance,92
awesome,92
beloved,92
deepen,92
exercise,92
icon,92
location,92
standard,92
wrapper,92
amenity,91
breathtaking,91
classroom,91
companion,91
convenient,91
discord,91
fashion,91
god,91
guidance,91
juni,91
livelihood,91
meeting,91
optimale,91
overcome,91
persistent,91
usually,91
version,91
virtual,91
data,90
endeavor,90
expert,90
expressive,90
inklusive,90
properly,90
rise,90
authenticity,89
ber,89
disponible,89
domain,89
egal,89
everyone,89
finding,89
fortune,89
immense,89
immerse,89
praxis,89
priority,89
regenerative,89
role,89
song,89
spectrum,89
wildlife,89
adult,88
cycle,88
organic,88
stark,88
stil,88
technologie,88
uniquely,88
visible,88
anytime,87
custom,87
difficulty,87
einige,87
impulse,87
piece,87
report,87
willen,87
aspire,86
dient,86
fruit,86
kindness,86
lage,86
paradise,86
planning,86
tale,86
utility,86
wrong,86
ambiente,85
besonderen,85
consumer,85
facebook,85
gmbh,85
government,85
gray,85
importantly,85
l,85
pause,85
rewarding,85
topic,85
chakra,84
clean,84
delightful,84
er,84
flexible,84
genom,84
hast,84
incredibly,84
instance,84
manner,84
mobile,84
pleased,84
apple,83
asset,83
consistency,83
intention,83
intimacy,83
sciences,83
seamlessly,83
smartphone,83
therapeutic,83
window,83
accountability,82
aspiration,82
conflict,82
flow,82
inclusive,82
kleine,82
nation,82
thun,82
wide,82
accomplishment,81
alla,81
certainly,81
computer,81
darkness,81
enthusiast,81
input,81
jazz,81
lightning,81
mode,81
notion,81
ordinary,81
secret,81
section,81
speak,81
abundance,80
advice,80
capital,80
club,80
collaborative,80
expense,80
famille,80
momentum,80
motivation,80
repertoire,80
von,80
agency,79
delighted,79
direct,79
entwickeln,79
entwickelt,79
general,79
heal,79
kingdom,79
license,79
mer,79
perfection,79
poverty,79
seek,79
suche,79
threat,79
welches,79
entity,78
forth,78
gallery,78
genutzt,78
infos,78
intent,78
literary,78
one,78
seine,78
supportive,78
symbol,78
unseres,78
vegetable,78
willst,78
actual,77
archive,77
authority,77
bereits,77
enjoyment,77
ethic,77
experiencia,77
impossible,77
laughter,77
luxury,77
particularly,77
quest,77
togel,77
artwork,76
commit,76
couple,76
critical,76
culturally,76
decade,76
definition,76
energetic,76
healthcare,76
hochwertige,76
infinite,76
leader,76
musikalische,76
ons,76
optimism,76
starten,76
substance,76
sun,76
therapy,76
vill,76
virtually,76
wollen,76
zur,76
agent,75
assure,75
effectiveness,75
folgende,75
gentle,75
grand,75
indem,75
klicken,75
mindfulness,75
offen,75
programming,75
pursuit,75
relation,75
schaffen,75
sensitive,75
single,75
stuff,75
attraction,74
cooking,74
delivery,74
fine,74
gain,74
learner,74
luxurious,74
netherlands,74
part,74
payment,74
pleasant,74
savoir,74
sistem,74
spend,74
squarespace,74
submission,74
tour,74
advance,73
ambiance,73
band,73
breath,73
capable,73
equally,73
evolve,73
fund,73
insightful,73
manage,73
popular,73
profile,73
response,73
singapore,73
tant,73
totally,73
aktuellen,72
banking,72
clothing,72
enthusiasm,72
force,72
listening,72
literature,72
motto,72
praise,72
race,72
secure,72
shadow,72
signature,72
son,72
successful,72
texture,72
women,72
collectively,71
engineering,71
imaginative,71
island,71
pattern,71
ring,71
slot,71
storyteller,71
suite,71
technische,71
test,71
vitality,71
captivate,70
deal,70
einzigartige,70
freshness,70
independence,70
inequality,70
mere,70
muse,70
party,70
refresh,70
request,70
rule,70
scale,70
tech,70
urban,70
basic,69
conceive,69
credit,69
dessen,69
habit,69
hold,69
hopefully,69
measurable,69
motion,69
museum,69
n,69
street,69
superior,69
tension,69
trouble,69
ab,68
actionable,68
artistry,68
automation,68
booking,68
check,68
corporate,68
creature,68
cuisine,68
format,68
head,68
humble,68
instagram,68
key,68
laugh,68
marketplace,68
mise,68
orient,68
overview,68
portal,68
review,68
ritual,68
services,68
times,68
adipiscing,67
arrangement,67
catering,67
culinary,67
elegant,67
fight,67
formular,67
melalui,67
melden,67
onder,67
optimal,67
purple,67
serve,67
sing,67
attractive,66
autonomy,66
carefully,66
combination,66
continually,66
discourse,66
este,66
gathering,66
genuinely,66
gesture,66
individually,66
library,66
meine,66
men,66
ms,66
revolution,66
starke,66
walk,66
wichtige,66
breathe,65
fellowship,65
gross,65
have,65
historischen,65
kultur,65
legen,65
logo,65
loved,65
minute,65
note,65
package,65
predictable,65
prospect,65
study,65
tasting,65
besuchen,64
centre,64
dem,64
evidence,64
exposure,64
girl,64
loyalty,64
multitude,64
participant,64
primary,64
sacred,64
string,64
aantal,63
ambitious,63
america,63
bad,63
beach,63
black,63
crisis,63
equitable,63
experiential,63
fulfillment,63
google,63
guideline,63
invisible,63
lust,63
nuance,63
peaceful,63
playful,63
rustic,63
shop,63
sparkle,63
super,63
transaction,63
unexpected,63
zonder,63
aan,62
cours,62
durable,62
ethereum,62
explain,62
favourite,62
footer,62
globe,62
layout,62
morning,62
presentation,62
record,62
sexuality,62
sichere,62
tempor,62
zeigen,62
assistance,61
bestellen,61
birth,61
challenging,61
christian,61
competition,61
dependency,61
everybody,61
fest,61
fortunate,61
fundamentally,61
gem,61
haben,61
hour,61
leven,61
manifest,61
media,61
modernes,61
obsession,61
operation,61
politik,61
processing,61
realise,61
sensitivity,61
si,61
sky,61
tag,61
theatre,61
thrilling,61
visionary,61
agriculture,60
allow,60
angel,60
bildung,60
breadth,60
campaign,60
charme,60
directly,60
fidelity,60
florence,60
independently,60
lake,60
office,60
pacific,60
press,60
relief,60
retreat,60
server,60
sex,60
smart,60
uplifting,60
verschiedenen,60
vibe,60
alive,59
arts,59
baby,59
bereit,59
bloom,59
childrens,59
competitive,59
drinking,59
eigentlich,59
emotionally,59
globally,59
honey,59
income,59
intensive,59
lesson,59
momento,59
mutual,59
non,59
plenty,59
recognise,59
samt,59
transcend,59
travail,59
anders,58
automatically,58
calm,58
comedy,58
default,58
depression,58
distinctive,58
eigen,58
exceptionally,58
flavour,58
fuel,58
glory,58
governance,58
industrie,58
lie,58
module,58
month,58
networking,58
palette,58
plant,58
restriction,58
rock,58
routine,58
short,58
stranger,58
venue,58
waste,58
workflow,58
abundant,57
continuously,57
dinner,57
exchange,57
externe,57
freelance,57
historic,57
honesty,57
perform,57
professionalism,57
relative,57
responsive,57
richness,57
task,57
addiction,56
clearly,56
composition,56
entrepreneurship,56
ersten,56
exquisite,56
freely,56
fundament,56
gender,56
gestion,56
hero,56
label,56
lang,56
mature,56
series,56
tell,56
verder,56
bless,55
bread,55
breakfast,55
category,55
cost,55
helpful,55
independent,55
installation,55
law,55
machine,55
maximale,55
me,55
perpetual,55
personas,55
photograph,55
practitioner,55
produce,55
regard,55
reserve,55
river,55
sie,55
soundscape,55
track,55
wilderness,55
zoals,55
ad,54
anger,54
appropriate,54
beginner,54
birthing,54
coaching,54
commercial,54
credibility,54
dank,54
error,54
funding,54
ingredient,54
liegt,54
miss,54
necessity,54
participation,54
phone,54
poetic,54
produits,54
regionale,54
som,54
sparen,54
spirituality,54
strategie,54
talented,54
technical,54
tree,54
trip,54
valley,54
air,53
bold,53
captivating,53
caregiver,53
colorful,53
communicate,53
confidently,53
dig,53
digitalen,53
documentation,53
enthusiastic,53
erreichen,53
formation,53
gastronomie,53
happening,53
innovativen,53
mensch,53
nourish,53
persistence,53
philosophie,53
revenue,53
roman,53
select,53
speaker,53
stellt,53
teacher,53
versatility,53
webkit,53
yoga,53
american,52
angst,52
away,52
brilliant,52
college,52
conclusion,52
continent,52
dedicated,52
entdecken,52
experimental,52
factor,52
finance,52
improvisation,52
internationale,52
maker,52
manifestation,52
minuten,52
oppression,52
prose,52
rhythm,52
stelle,52
supply,52
tijdens,52
usability,52
accurate,51
age,51
clicking,51
compatibility,51
delicate,51
designer,51
disparity,51
ebenfalls,51
erst,51
glow,51
graphic,51
hardship,51
horror,51
insecurity,51
inspiring,51
komen,51
lifeline,51
literacy,51
manier,51
neue,51
outside,51
purchase,51
run,51
ruse,51
utan,51
white,51
wholesome,51
worship,51
confidential,50
consequat,50
consume,50
cosmos,50
crucial,50
dramatic,50
getting,50
greatly,50
historical,50
ihrer,50
insider,50
interior,50
justify,50
low,50
openness,50
persona,50
personalise,50
reference,50
season,50
sentiment,50
simplify,50
societal,50
soft,50
stake,50
unite,50
upcoming,50
vara,50
wichtigen,50
brilliance,49
capacity,49
explicit,49
farm,49
festive,49
heartbeat,49
innen,49
journalism,49
literally,49
moderner,49
outdoors,49
palliative,49
seasonal,49
seemingly,49
stable,49
survival,49
void,49
vulnerable,49
advanced,48
advancement,48
agreement,48
bird,48
branding,48
cognitive,48
column,48
confidentiality,48
danach,48
emphasis,48
erfahrungen,48
extension,48
f,48
firma,48
gravity,48
kitchen,48
lifecycle,48
march,48
maria,48
mysterious,48
price,48
probleme,48
sphere,48
suppose,48
tot,48
treatment,48
weakness,48
willing,48
workforce,48
affect,47
bar,47
box,47
chain,47
det,47
dialog,47
enhancement,47
father,47
injustice,47
justo,47
minder,47
monster,47
mutter,47
opinion,47
prefer,47
productive,47
savor,47
studium,47
suggestion,47
symphony,47
transport,47
username,47
ambient,46
breeze,46
casinos,46
diese,46
direkt,46
donation,46
emission,46
ervaring,46
espace,46
glorious,46
jours,46
keep,46
lasting,46
macht,46
outlook,46
painting,46
podcast,46
relaxation,46
repository,46
represent,46
representation,46
ride,46
sale,46
tinggi,46
tremendous,46
unterwegs,46
unwavering,46
verschiedene,46
viewer,46
abortion,45
advocate,45
appeal,45
aspekte,45
audio,45
brother,45
camera,45
car,45
church,45
conception,45
consistently,45
disposition,45
equity,45
eternal,45
facility,45
forefront,45
gesundheit,45
har,45
immediate,45
invite,45
marke,45
paradigm,45
passt,45
purity,45
regular,45
sensible,45
smooth,45
statement,45
straight,45
strategic,45
strom,45
surprising,45
token,45
translate,45
underlie,45
vibrancy,45
visually,45
y,45
academic,44
accurately,44
areal,44
blessing,44
chat,44
cheer,44
click,44
confusion,44
cool,44
early,44
endure,44
fonds,44
hilarious,44
legal,44
meer,44
motherhood,44
pregnancy,44
preservation,44
renaissance,44
sinn,44
subtle,44
technischen,44
tempo,44
vertreten,44
win,44
applicable,43
australian,43
chile,43
commerce,43
defi,43
disaster,43
distribution,43
employee,43
genug,43
gospel,43
groundbreaking,43
impressive,43
indonesia,43
integral,43
laten,43
lighting,43
load,43
manager,43
method,43
montage,43
offenen,43
poise,43
propose,43
recreation,43
recycling,43
relevance,43
require,43
road,43
scholarship,43
shame,43
trinity,43
wort,43
a.,42
adventurous,42
author,42
av,42
avenue,42
aware,42
breathing,42
buchen,42
camping,42
chocolate,42
cour,42
decoration,42
elevate,42
enchanting,42
enrich,42
fediverse,42
finde,42
frauen,42
funktioniert,42
glass,42
illusion,42
importante,42
indigenous,42
interdisciplinary,42
journal,42
launch,42
limit,42
mirror,42
musique,42
native,42
poem,42
reproductive,42
resonance,42
saison,42
schedule,42
shift,42
sustainably,42
testament,42
todays,42
tragedy,42
usage,42
violent,42
workshops,42
writer,42
anderem,41
budget,41
compatible,41
ditt,41
europe,41
fiction,41
generative,41
grande,41
harm,41
heaven,41
illustration,41
indulge,41
leisure,41
majestic,41
musikalischen,41
personalised,41
recent,41
romande,41
significance,41
soon,41
spin,41
startup,41
suitable,41
surface,41
todas,41
variable,41
volunteer,41
warming,41
affordability,40
apostrophe,40
aroma,40
bier,40
blue,40
bundle,40
communing,40
conveniently,40
curate,40
dining,40
discomfort,40
disease,40
distance,40
educational,40
educator,40
einfache,40
exception,40
extent,40
g,40
goodness,40
input.hide,40
inspirational,40
insurance,40
interessante,40
liability,40
longing,40
meantime,40
melakukan,40
mortality,40
observability,40
oil,40
original,40
print,40
rate,40
sant,40
sensibility,40
seriously,40
specialize,40
specific,40
star,40
territory,40
theory,40
toggle,40
trail,40
train,40
unmatched,40
virtuosity,40
yes,40
abuse,39
coffee,39
conversion,39
cover,39
dort,39
filter,39
fire,39
gas,39
individuality,39
invitation,39
jahre,39
jedes,39
lab,39
map,39
mechanism,39
mediterranean,39
mitten,39
nutrition,39
obligation,39
opening,39
reasoning,39
reservation,39
thinker,39
timeline,39
trait,39
traitement,39
wallet,39
weekend,39
worry,39
appearance,38
classtag,38
colorado,38
consectetur,38
continuity,38
convention,38
death,38
din,38
eller,38
encouragement,38
estate,38
eye,38
farming,38
festivity,38
fortunately,38
geven,38
immediately,38
inherent,38
investor,38
knowledgeable,38
madness,38
magnificent,38
metadata,38
nederland,38
partir,38
pi,38
primitive,38
remind,38
silent,38
span,38
subscription,38
verschillende,38
wanted,38
wind,38
abstract,37
admission,37
affinity,37
annual,37
behavioral,37
chor,37
cocktail,37
compliment,37
consumption,37
da,37
dedication,37
deutschland,37
english,37
explorer,37
fossil,37
get,37
homepage,37
honestly,37
imagery,37
inclusion,37
internationalen,37
introduction,37
jour,37
lifes,37
mailing,37
masterpiece,37
maximal,37
mentorship,37
mindful,37
moon,37
ne,37
ns,37
paling,37
portrait,37
prayer,37
produziert,37
sagen,37
sorrow,37
straightforward,37
temps,37
trauma,37
unprecedented,37
villa,37
vores,37
vous,37
whatsapp,37
bedrijf,36
channel,36
citizen,36
collage,36
cultura,36
desirable,36
ein,36
extremely,36
fait,36
fertility,36
guest,36
hr,36
ideally,36
individuelles,36
internal,36
interoperability,36
invalid,36
maintenance,36
mastery,36
meaningfully,36
national,36
neues,36
ownership,36
parenting,36
participate,36
photo,36
projet,36
prompt,36
publication,36
recommend,36
relish,36
renewable,36
researcher,36
sensation,36
serenity,36
target,36
tranquility,36
transparente,36
vaste,36
agenda,35
aller,35
americans,35
angeles,35
anticipate,35
availability,35
bond,35
centrum,35
cinematic,35
compass,35
competitiveness,35
confiance,35
conservation,35
cooperative,35
desert,35
di,35
director,35
distress,35
energize,35
enter,35
figure,35
grant,35
grundlagen,35
hearing,35
hrefblogtagaudiovisual,35
hub,35
inconvenience,35
intervention,35
kinderen,35
loneliness,35
mighty,35
motivate,35
nice,35
onderzoek,35
onepass,35
overflow,35
profitability,35
quick,35
reception,35
relevante,35
resolution,35
responsable,35
sens,35
shareable,35
stop,35
streaming,35
subscribe,35
summary,35
tai,35
terrasse,35
trustworthy,35
village,35
wave,35
wetter,35
workspace,35
addition,34
animate,34
aura,34
bestimmt,34
bi,34
blood,34
colors,34
colour,34
continuum,34
desktop,34
destiny,34
devotion,34
fertig,34
final,34
finns,34
fit,34
gold,34
golden,34
hot,34
info,34
interpretation,34
movie,34
possess,34
preparedness,34
pressure,34
privaten,34
progressive,34
say,34
specifically,34
traffic,34
typically,34
verwenden,34
w,34
willingness,34
worthy,34
advertising,33
allem,33
android,33
anna,33
auto,33
caring,33
chur,33
combine,33
configuration,33
convergence,33
degree,33
diffusion,33
disabled,33
div,33
dog,33
dreamer,33
easier,33
efficient,33
endurance,33
ethical,33
functional,33
housing,33
inline,33
institute,33
intelligente,33
intensity,33
jungen,33
layer,33
mai,33
nestle,33
nu,33
oasis,33
opacity,33
paper,33
parenthood,33
permet,33
programa,33
purposeful,33
registration,33
ruth,33
saint,33
sowie,33
staff,33
sublime,33
synergy,33
trade,33
uniqueness,33
abstraction,32
approachable,32
arena,32
battle,32
burden,32
computing,32
coverage,32
discern,32
disco,32
einen,32
entertaining,32
entrepreneur,32
fabulous,32
handelt,32
huge,32
import,32
increasingly,32
inquiry,32
interview,32
irresistible,32
libero,32
medizinische,32
medizinischen,32
modality,32
moral,32
peoples,32
pet,32
pretty,32
profil,32
progression,32
prosperous,32
quartier,32
recipe,32
regio,32
sadness,32
schloss,32
scope,32
singular,32
situate,32
sociale,32
te,32
tone,32
trial,32
weet,32
weight-4audiovisual,32
widget,32
bear,31
beginnen,31
best,31
branche,31
central,31
charge,31
cinema,31
com,31
crave,31
das,31
dein,31
endlich,31
enrichment,31
entertainer,31
era,31
escape,31
fand,31
happily,31
hopeful,31
industrial,31
liberation,31
massive,31
mention,31
messaging,31
minimal,31
multiple,31
net,31
oblasti,31
overlook,31
partage,31
passive,31
pay,31
perceive,31
philanthropy,31
pool,31
pop,31
posible,31
pulse,31
realism,31
relaxed,31
set,31
singing,31
sophisticated,31
thematic,31
town,31
url,31
wearable,31
wichtigsten,31
ally,30
announcement,30
appointment,30
arthew0,30
basiert,30
calendar,30
cart,30
changer,30
customizable,30
dessert,30
devote,30
discuss,30
distinct,30
engine,30
england,30
faculty,30
fearless,30
gardening,30
gateway,30
go,30
ha,30
hide,30
inevitable,30
intrigue,30
j,30
likely,30
logic,30
lunch,30
major,30
max,30
nostalgia,30
occasional,30
op,30
passage,30
pasture,30
personale,30
plain,30
political,30
profesionales,30
professionnel,30
purely,30
rescue,30
secondary,30
seperti,30
significantly,30
simultaneously,30
someone,30
spain,30
spenden,30
tolerance,30
trabajo,30
tren,30
unit,30
ale,29
align,29
believer,29
bible,29
bliss,29
bot,29
brauchen,29
breed,29
broad,29
childbirth,29
christine,29
collaborate,29
construction,29
culturel,29
date.gettime,29
diabetes,29
dish,29
dition,29
dramatically,29
dreamy,29
durability,29
esse,29
fiable,29
fondation,29
found,29
generally,29
geschichte,29
infinity,29
intriguing,29
justin,29
mal,29
mapping,29
mar,29
maturity,29
messe,29
metaphor,29
methode,29
nationale,29
occasionally,29
outer,29
partnering,29
peer,29
permettant,29
positivity,29
pre,29
programma,29
reflective,29
regional,29
register,29
relentless,29
resort,29
restore,29
retention,29
revision,29
row,29
sans,29
scalability,29
ship,29
shock,29
spa,29
spirited,29
sponsor,29
surely,29
surprisingly,29
thousand,29
volume,29
zahlreiche,29
additionally,28
affair,28
anderes,28
angezeigt,28
attribute,28
behandeling,28
bike,28
christ,28
commission,28
conceptual,28
concerto,28
contest,28
courageous,28
craving,28
dancing,28
diversas,28
duration,28
eventually,28
favor,28
flair,28
flight,28
glimpse,28
groove,28
gutes,28
hari,28
heather,28
homeland,28
horizon,28
immersion,28
inception,28
increase,28
institut,28
login,28
lose,28
markt,28
medical,28
monthly,28
necessarily,28
nest,28
nonprofit,28
outline,28
parking,28
possibly,28
pragmatic,28
preis,28
professionnelle,28
profitable,28
radius,28
reconciliation,28
red,28
revolutionary,28
robustness,28
spel,28
sunshine,28
tablet,28
tailor,28
tax,28
texte,28
tourism,28
uncover,28
upgrade,28
versatile,28
voi,28
zen,28
absolut,27
alternatively,27
anim,27
associate,27
attentive,27
basically,27
beim,27
beneficial,27
communal,27
competence,27
concours,27
contributor,27
conviction,27
cup,27
definitive,27
deinen,27
disorder,27
entry,27
exposition,27
fascination,27
harvest,27
helper,27
historically,27
iconic,27
imaging,27
imperfect,27
indulgence,27
instinct,27
integer,27
intertwine,27
jeweils,27
leben,27
mange,27
marriage,27
milieu,27
myth,27
neighbor,27
nm,27
notification,27
palace,27
passionately,27
peach,27
period,27
periode,27
personne,27
practically,27
princess,27
psychological,27
radio,27
runsignup,27
sculpture,27
serene,27
shell,27
spacious,27
speech,27
sportif,27
strand,27
supreme,27
termine,27
testing,27
tooling,27
un,27
una,27
union,27
ventures,27
vera,27
visite,27
wait,27
wonderfully,27
worth,27
0px,26
additional,26
adoption,26
album,26
alter,26
ambience,26
andra,26
astonishing,26
backbone,26
barrier,26
beginning,26
brightness,26
carbon,26
co,26
dead,26
deposit,26
distraction,26
encompass,26
encore,26
enlightenment,26
entre,26
exclusively,26
faire,26
familles,26
fan,26
feste,26
frustration,26
gardens,26
gestellt,26
grote,26
handle,26
humility,26
inclusivity,26
indie,26
innovator,26
kosten,26
labore,26
langer,26
lecture,26
magazine,26
magie,26
mark,26
masterclass,26
maybe,26
mentale,26
merci,26
merely,26
meta,26
minded,26
mistake,26
normale,26
nutritious,26
operator,26
output,26
partager,26
pathway,26
perseverance,26
phase,26
pour,26
precisely,26
premise,26
premium,26
rapport,26
receive,26
redefine,26
reflexion,26
relatable,26
respectful,26
scenery,26
scenic,26
snow,26
solide,26
spontaneous,26
standards,26
stock,26
successfully,26
superpower,26
swing,26
terroir,26
trans,26
transportation,26
usefulness,26
vain,26
vast,26
werk,26
youthful,26
acceptable,25
accommodation,25
alcohol,25
auch,25
awe,25
battery,25
beer,25
butter,25
cheese,25
collapse,25
concentrate,25
conformance,25
congratulation,25
contextual,25
copy,25
copyright,25
dal,25
dolor,25
dropdown,25
ebook,25
echo,25
einfachen,25
electronic,25
etter,25
existential,25
founder,25
frances,25
gr,25
h,25
hearty,25
historische,25
hobby,25
household,25
hrefblogtagtouchdesigner,25
ihre,25
labor,25
laura,25
likeness,25
livable,25
logistic,25
malam,25
meal,25
metaverse,25
midnight,25
overall,25
owner,25
pale,25
parcours,25
passer,25
popularity,25
prepare,25
profoundly,25
proudly,25
provenance,25
rain,25
remote,25
reputable,25
sehingga,25
sistema,25
snel,25
strongly,25
superb,25
tender,25
tranquil,25
understandable,25
urgency,25
videos,25
zone,25
accelerate,24
accordance,24
agence,24
alten,24
artistes,24
attempt,24
banner,24
bestimmten,24
bord,24
brotherhood,24
builder,24
campus,24
christmas,24
circular,24
commodo,24
complet,24
confort,24
contract,24
corporation,24
counseling,24
countryside,24
courtesy,24
culturelle,24
dear,24
democratic,24
driver,24
environmentally,24
evil,24
excel,24
expertly,24
fame,24
fester,24
fill,24
fishing,24
frank,24
fri,24
harmonious,24
hate,24
imaginary,24
interne,24
intime,24
intuition,24
kindergarten,24
knowhow,24
letter,24
lever,24
li,24
lifespan,24
lucky,24
musicality,24
mutually,24
negative,24
neuen,24
offerte,24
pace,24
painful,24
partenaires,24
physically,24
positiv,24
prise,24
procent,24
proof,24
pussy,24
rage,24
religious,24
resistance,24
sanity,24
scheme,24
senior,24
shipping,24
sociedade,24
soil,24
solar,24
sorry,24
soulful,24
stillness,24
terbaik,24
thread,24
transcendent,24
unifying,24
vine,24
voluptate,24
warum,24
wilde,24
10px,23
accreditation,23
affairs,23
agility,23
analysis,23
analytic,23
anderer,23
besonderer,23
beverage,23
biodiversity,23
bland,23
boat,23
bottle,23
boutique,23
brief,23
catherine,23
coach,23
colornotstyleborder,23
contemporain,23
cream,23
credential,23
decide,23
divine,23
ecological,23
edition,23
encontrar,23
entier,23
esther,23
exhilarate,23
expansive,23
familia,23
familys,23
feminism,23
forge,23
gear,23
giver,23
goodwill,23
gorgeous,23
guy,23
habitat,23
hall,23
hint,23
impeccable,23
indispensable,23
industria,23
ki,23
kid,23
laboris,23
laser,23
match,23
matrix,23
medio,23
mentor,23
meticulously,23
mint,23
normally,23
oft,23
oportunidades,23
otherworldly,23
pandemic,23
persoon,23
phenomenal,23
phenomenon,23
poet,23
prize,23
programmability,23
protocol,23
psychedelic,23
publish,23
reimagine,23
resiliency,23
restorative,23
rumen,23
scarcity,23
signal,23
ska,23
somerset,23
sommer,23
spanish,23
sportifs,23
startet,23
station,23
stylish,23
symbolic,23
tab,23
tea,23
transformar,23
tribe,23
unbeatable,23
uncomfortable,23
unten,23
unwind,23
verse,23
virtuelle,23
accuracy,22
acoustic,22
aid,22
allure,22
alte,22
artistique,22
assortiment,22
blackness,22
centros,22
cine,22
cohesion,22
colorvar,22
connecticut,22
connexion,22
consideration,22
convivial,22
cosmic,22
cure,22
cybersecurity,22
despair,22
digitales,22
east,22
entrepreneurial,22
entreprise,22
environnement,22
epic,22
erster,22
exploitation,22
expo,22
familiarity,22
feed,22
futuro,22
guess,22
handy,22
heating,22
impacto,22
imply,22
improbable,22
ingenuity,22
innere,22
innovate,22
involve,22
italien,22
junger,22
jurisdiction,22
legend,22
loss,22
lovingly,22
mesure,22
mindestens,22
multi,22
noise,22
nostra,22
nummer,22
obviously,22
parte,22
pixel,22
playfulness,22
port,22
precise,22
premier,22
prive,22
profi,22
projection,22
psychologie,22
psychology,22
quantity,22
realization,22
rene,22
responsiveness,22
rural,22
selv,22
sorgt,22
specialist,22
specialty,22
spot,22
tempat,22
total,22
volunteering,22
wird,22
wirtschaftlichen,22
wright,22
ambiental,21
animator,21
argument,21
austria,21
avery,21
behaviour,21
bessere,21
bir,21
bitter,21
boundless,21
cadence,21
chill,21
christianity,21
completeness,21
complicity,21
concord,21
conectar,21
conseil,21
corner,21
cycling,21
dangerous,21
demonstration,21
destine,21
differently,21
diver,21
dread,21
effectively,21
efficiently,21
endeavour,21
equipment,21
events,21
facet,21
fee,21
fix,21
fort,21
frame,21
ging,21
groot,21
grower,21
handel,21
humour,21
hybrid,21
indicator,21
individualized,21
indulgent,21
inform,21
invaluable,21
ke,21
marine,21
mycket,21
nightlife,21
nostalgic,21
nutrient,21
obvious,21
pack,21
portable,21
potency,21
powerpoint,21
proper,21
qualitative,21
reconnect,21
rediscover,21
regulation,21
rum,21
sacramento,21
satisfy,21
scent,21
seaside,21
sich,21
skal,21
slight,21
snack,21
snapshot,21
sovereignty,21
spiritually,21
stille,21
stor,21
therapeutics,21
titan,21
trace,21
translation,21
trustless,21
uncertain,21
unlimited,21
upside,21
valentine,21
warning,21
windows,21
wood,21
worker,21
actuellement,20
additive,20
ancient,20
assessment,20
awaken,20
betting,20
bra,20
breast,20
callback,20
cargo,20
cash,20
casual,20
certainty,20
chart,20
civil,20
complexe,20
connectedness,20
contexto,20
crime,20
customize,20
daughter,20
disadvantage,20
division,20
drawing,20
e.,20
edible,20
elegante,20
emerge,20
empire,20
equal,20
est,20
everybodys,20
extrem,20
favorable,20
federal,20
formulaire,20
fragility,20
franken,20
friends,20
frustrating,20
fulfill,20
geeignet,20
godine,20
graceful,20
husband,20
iets,20
incentive,20
intimately,20
intricacy,20
jetpack,20
knowing,20
linger,20
luck,20
mehr,20
middle,20
migration,20
musician,20
necesidades,20
offene,20
onze,20
oversight,20
pad,20
pagina,20
palate,20
pass,20
pension,20
politischen,20
potentially,20
practicality,20
prediction,20
principe,20
produit,20
queerness,20
questo,20
realtime,20
route,20
securely,20
separate,20
sister,20
solitude,20
sostenible,20
sourdough,20
standalone,20
storm,20
strain,20
stretch,20
suffering,20
sundance,20
sunlight,20
superar,20
surreal,20
technological,20
tendency,20
terrible,20
tidak,20
tonight,20
tools,20
tutorial,20
underline,20
valid,20
validation,20
vanaf,20
vit,20
volatility,20
walking,20
worldview,20
absence,19
activation,19
adolescent,19
advocacy,19
americas,19
amount,19
ausgezeichnet,19
beast,19
blossom,19
boules,19
breakdown,19
california,19
canadian,19
chapter,19
classique,19
completion,19
crystal,19
demain,19
disable,19
discoverable,19
domestic,19
drama,19
eens,19
enlighten,19
essentially,19
experimentation,19
faithful,19
familiale,19
fascinate,19
fermentation,19
fish,19
follower,19
forum,19
fragrance,19
gap,19
genus,19
giant,19
goddess,19
hair,19
hardware,19
headline,19
heartwarming,19
hell,19
hiking,19
holder,19
illuminate,19
impress,19
inn,19
intentionally,19
internship,19
interplay,19
interruption,19
italian,19
landscaping,19
liberate,19
locally,19
lyric,19
mainstream,19
majority,19
matt,19
mereka,19
metal,19
minimalistic,19
modeling,19
navigateur,19
neben,19
nichts,19
node,19
orange,19
palestine,19
photorealistic,19
physique,19
placeholder,19
pledge,19
plugin,19
politique,19
pools,19
positively,19
posture,19
praktischen,19
prevail,19
producer,19
prof,19
professionally,19
providence,19
purchasing,19
queen,19
queer,19
rank,19
realidad,19
redemption,19
refreshment,19
relatively,19
representative,19
reset,19
rust,19
sand,19
save,19
seasonality,19
skin,19
socially,19
solely,19
solidity,19
sonic,19
specially,19
starker,19
stressful,19
tendance,19
therapist,19
tiny,19
toda,19
trustworthiness,19
uns,19
unstoppable,19
virgin,19
visualization,19
weight-1touchdesigner,19
welch,19
wholeness,19
workload,19
abroad,18
activiteiten,18
administration,18
adorable,18
affection,18
aider,18
anchor,18
anhand,18
appetite,18
arial,18
array,18
autonomie,18
balanced,18
bathroom,18
batterie,18
beacon,18
besser,18
blindness,18
board,18
buzz,18
cannabis,18
cater,18
certificate,18
chemistry,18
chiropractic,18
claim,18
coalition,18
cold,18
cometh,18
complement,18
complicated,18
concernant,18
conduct,18
construir,18
contexte,18
contra,18
contrast,18
correctness,18
count,18
covenant,18
creatively,18
crust,18
customise,18
database,18
dreamlike,18
dress,18
en,18
episode,18
finder,18
flavorful,18
fond,18
foremost,18
fruity,18
frustrate,18
genius,18
gerade,18
gloria,18
grandes,18
greatness,18
greece,18
grieve,18
grootste,18
haven,18
hela,18
highlights,18
imperative,18
importantes,18
informative,18
interfaith,18
intricate,18
islands,18
kan,18
kloster,18
laboratory,18
lawrence,18
licht,18
manger,18
matching,18
measurement,18
motivated,18
noble,18
numerous,18
ontwikkeling,18
paint,18
panorama,18
paris,18
parity,18
permanence,18
persone,18
population,18
powerhouse,18
prata,18
prism,18
procedure,18
producten,18
proto,18
provision,18
publishing,18
query,18
recommendation,18
reconnue,18
resonant,18
russia,18
sanctus,18
slide,18
somewhat,18
sommeliers,18
spread,18
st,18
statistic,18
steem,18
suffer,18
suivants,18
summit,18
sweetness,18
systemic,18
timing,18
tracking,18
triumph,18
trying,18
unbelievable,18
universally,18
variant,18
vegan,18
vintage,18
vista,18
visuelle,18
vivre,18
wilden,18
williams,18
willow,18
aber,17
accent,17
acknowledgment,17
adalah,17
amazingly,17
angela,17
artifact,17
attract,17
audiovisual,17
az,17
beachten,17
bio,17
bittersweet,17
blockchain,17
blogging,17
burn,17
camp,17
caroline,17
cat,17
cell,17
charisma,17
choix,17
cleanliness,17
coating,17
commons,17
commune,17
compartir,17
correctement,17
court,17
crowdsource,17
decentralize,17
demo,17
dengan,17
detention,17
devastating,17
dignified,17
disruption,17
dominant,17
doubt,17
ecology,17
ehemaligen,17
emergency,17
emphasize,17
erste,17
es,17
europa,17
eventgtm.jsvar,17
feminist,17
ferment,17
fields,17
flawless,17
flux,17
folklore,17
fragile,17
fram,17
freshly,17
german,17
gestern,17
giving,17
going,17
heres,17
humano,17
ii,17
img,17
in,17
innate,17
intel,17
intentional,17
interpersonal,17
jest,17
join,17
kosmos,17
laden,17
liquidity,17
lite,17
log,17
looking,17
malady,17
mars,17
meridians,17
moderna,17
mori,17
notebook,17
nov,17
olika,17
organism,17
overwhelm,17
packet,17
palestinian,17
parallel,17
parchment,17
partie,17
permainan,17
pm,17
portugal,17
prescription,17
principes,17
pristine,17
projets,17
quietly,17
residency,17
resident,17
revel,17
ripple,17
savour,17
semantic,17
sensory,17
shade,17
shall,17
showroom,17
situe,17
stakeholder,17
steeds,17
steward,17
stride,17
subsidy,17
tenacious,17
timeliness,17
tin,17
ting,17
tit,17
traditionally,17
twilight,17
unable,17
utmost,17
vector,17
verlassen,17
vineyard,17
welfare,17
wilt,17
winner,17
yield,17
acclaim,16
accompagnement,16
accompaniment,16
accordion,16
acre,16
actualmente,16
adaptability,16
affiliate,16
alike,16
alkalinity,16
amplify,16
assembly,16
avance,16
backdrop,16
bent,16
betterment,16
bridge,16
broadway,16
bubble,16
camaraderie,16
canvas,16
catholic,16
century,16
chicken,16
circuit,16
classy,16
clever,16
comentarios,16
commodity,16
commonwealth,16
concentration,16
cooperation,16
credible,16
critique,16
delightfully,16
dependable,16
dependence,16
determination,16
digitally,16
distinction,16
editor,16
einzigartigen,16
envie,16
erstes,16
espresso,16
essere,16
european,16
eventos,16
exhaustive,16
expansion,16
fastly,16
feast,16
flora,16
foresight,16
fraction,16
franz,16
frequently,16
garten,16
glance,16
glas,16
gravida,16
hans,16
harmonic,16
heat,16
heel,16
helps,16
herunterladen,16
hormone,16
incorporate,16
instill,16
institutional,16
internacional,16
invigorate,16
invoice,16
karma,16
kids,16
koji,16
kommer,16
likelihood,16
limited,16
limitless,16
longstanding,16
maritime,16
merchandise,16
mercy,16
minimum,16
modernity,16
motor,16
musica,16
muster,16
naturel,16
neuroscience,16
neutral,16
nonsense,16
norm,16
nourishment,16
objectifs,16
objets,16
obstacle,16
official,16
orbit,16
outlying,16
overwhelmed,16
panel,16
pdf,16
pendant,16
perplexity,16
photographer,16
plane,16
popover,16
praktische,16
pray,16
precis,16
precisa,16
pro,16
proce,16
profissionais,16
programmation,16
psychotherapy,16
reciprocal,16
recreational,16
redness,16
regulatory,16
reliance,16
residential,16
resp,16
romania,16
round,16
s.,16
scatter,16
scream,16
searchable,16
seasonally,16
sebuah,16
sincerity,16
sit,16
sociales,16
sociaux,16
soluciones,16
staat,16
stat,16
steady,16
stem,16
stile,16
storage,16
strategi,16
strategische,16
streamline,16
strictly,16
sudden,16
sustenance,16
synthetic,16
tenderness,16
thankfully,16
tough,16
ture,16
ui,16
uncompromising,16
unimaginable,16
uniquement,16
unsure,16
untuk,16
vanity,16
vehicle,16
viewpoint,16
vom,16
wondrous,16
wrestling,16
"0,this.featurename",15
abound,15
addictive,15
airport,15
akadeemilist,15
alumnus,15
analytics,15
angewandte,15
artisan,15
atmospheric,15
authentische,15
autonomous,15
bank,15
barefoot,15
beau,15
bed,15
beethoven,15
birthday,15
bouquet,15
brooklyn,15
brown,15
burnout,15
canal,15
cascade,15
certaine,15
certains,15
chamber,15
changemaker,15
chant,15
cible,15
closeness,15
clutter,15
cock,15
communes,15
communities,15
competency,15
completa,15
connected,15
conscience,15
contemplation,15
convey,15
cornerstone,15
county,15
culturale,15
dealer,15
deliciously,15
delta,15
denna,15
diligence,15
displace,15
diverses,15
diving,15
dollar,15
dritten,15
elder,15
eligibility,15
elusive,15
ember,15
energia,15
engineer,15
ethereal,15
evaluation,15
evento,15
export,15
external,15
familial,15
finish,15
fragment,15
gameplay,15
gene,15
glad,15
goodbye,15
gracias,15
grandeur,15
grands,15
grassroot,15
gratuita,15
greenhouse,15
half,15
healthier,15
heartbreak,15
holy,15
honour,15
humanistic,15
hundert,15
indoor,15
informatique,15
ink,15
italienischen,15
jung,15
langs,15
latency,15
legendary,15
livestock,15
loading,15
loves,15
maar,15
manufacture,15
marianne,15
mineral,15
miracle,15
misconception,15
modular,15
mundane,15
mystic,15
neglect,15
north,15
packaging,15
pair,15
paradox,15
parameter,15
partition,15
patron,15
payout,15
permission,15
personalization,15
plastic,15
platter,15
playable,15
pod,15
portion,15
predictability,15
predictive,15
previous,15
probability,15
proces,15
profesional,15
propia,15
proses,15
rainbow,15
rating,15
readability,15
relational,15
renewal,15
repetitive,15
republiky,15
residence,15
ressource,15
richard,15
satire,15
satisfied,15
scenario,15
seat,15
sisterhood,15
sono,15
spare,15
sparkling,15
spectacles,15
spirituelle,15
sportive,15
sprechen,15
springs,15
stimulate,15
stony,15
styling,15
sucht,15
suit,15
thailand,15
thankful,15
togetherness,15
tomorrow,15
transfer,15
transformational,15
transformer,15
treasury,15
tv,15
typography,15
undefined,15
unified,15
unmistakable,15
veel,15
vendor,15
ver,15
vice,15
viele,15
vitale,15
vrienden,15
websites,15
weird,15
welcoming,15
wirst,15
wise,15
wonderment,15
youtube,15
academy,14
accelerator,14
acknowledgement,14
alleen,14
alpine,14
ancestral,14
andor,14
architectural,14
arrow,14
aufgrund,14
australien,14
awards,14
barn,14
biology,14
boundary,14
bug,14
checkout,14
chia,14
choral,14
chorus,14
christen,14
chronic,14
citizenship,14
cleaning,14
cliente,14
clinical,14
collegiate,14
compact,14
comparable,14
complimentary,14
confirmation,14
consultation,14
continuar,14
critically,14
cypress,14
darin,14
december,14
decentralized,14
deductible,14
degrowth,14
delay,14
devices,14
diffuse,14
edit,14
eignet,14
einem,14
employment,14
endowment,14
enforcement,14
enorme,14
especialmente,14
evocative,14
favorit,14
fd.getelementsbytagnames0,14
feminine,14
firm,14
fleeting,14
foot,14
french,14
germany,14
grove,14
hollywood,14
hopeless,14
horse,14
immigration,14
implementation,14
infinitely,14
infuse,14
innovations,14
interconnectedness,14
intersection,14
invest,14
irish,14
joyous,14
judgment,14
karriere,14
kindly,14
kleines,14
langsung,14
leisurely,14
leverage,14
liegen,14
lifelike,14
lives,14
livet,14
mass,14
materia,14
maximum,14
medida,14
meditative,14
midst,14
mile,14
modifier,14
musicale,14
nordic,14
novel,14
objectif,14
observe,14
officer,14
origin,14
ou,14
palpable,14
partenariat,14
pasta,14
permanent,14
persian,14
politische,14
prestigious,14
prince,14
proposal,14
prospective,14
prosper,14
protein,14
prove,14
publisher,14
puzzle,14
quienes,14
rail,14
rapid,14
raw,14
realisation,14
realizar,14
remarkably,14
respecter,14
restful,14
riche,14
rights,14
roll,14
sacrament,14
sailing,14
scalable,14
scientist,14
sensual,14
shocking,14
sibling,14
similar,14
singularity,14
sistemas,14
sociais,14
sociedad,14
sollen,14
speed,14
stack,14
standing,14
steadfast,14
stone,14
sub,14
sunny,14
survey,14
survive,14
switch,14
tango,14
temple,14
terbaru,14
terminal,14
terrain,14
thumbnail,14
trabalho,14
transit,14
translocation,14
trick,14
vacation,14
variation,14
vie,14
virtue,14
whatsoever,14
winery,14
wurde,14
x,14
.navbar,13
7px,13
accidental,13
add,13
administrative,13
agile,13
agricultural,13
annoyance,13
artificielle,13
attribution,13
automatisch,13
ballet,13
bedingungen,13
boom,13
boost,13
boy,13
bus,13
butterfly,13
cancer,13
catalogue,13
catch,13
changement,13
charlotte,13
christina,13
coaches,13
confuse,13
console,13
contemplate,13
coordinate,13
corona,13
countrys,13
crazy,13
currency,13
damage,13
dataset,13
debate,13
deg,13
democracia,13
directement,13
disconnect,13
distinguish,13
drift,13
drinks,13
drug,13
dynamism,13
eget,13
engaging,13
entreprises,13
envy,13
everest,13
excuse,13
explanation,13
failure,13
farmer,13
fatherhood,13
filmmaking,13
fondue,13
friction,13
friday,13
frontier,13
fuck,13
fulfil,13
futur,13
gebracht,13
genau,13
genetic,13
gentleman,13
gently,13
greatest,13
halle,13
handcraft,13
haunting,13
heartland,13
hermeticism,13
heures,13
historian,13
humana,13
ingen,13
instability,13
intelligently,13
inter,13
intrinsic,13
jury,13
knight,13
lady,13
latin,13
lazy,13
legislation,13
length,13
libre,13
licence,13
liefern,13
ligger,13
manifesto,13
manipulation,13
medication,13
melanie,13
memories,13
mesmo,13
military,13
mini,13
ministry,13
modal,13
monitoring,13
mostrar,13
motive,13
nancy,13
natura,13
natus,13
neuesten,13
nostre,13
nourishing,13
organ,13
overwatch,13
paiement,13
patrick,13
peat,13
percussion,13
persist,13
pigment,13
plaisir,13
planner,13
poignant,13
pollution,13
poly,13
problema,13
proches,13
propre,13
recital,13
recognizable,13
regularly,13
relive,13
render,13
resolve,13
resources,13
retail,13
reverence,13
ritter,13
robot,13
royalty,13
satisfying,13
seeker,13
singt,13
spice,13
stora,13
strategically,13
substantial,13
sunset,13
supplier,13
systeme,13
talento,13
tank,13
temperature,13
terre,13
territoire,13
themost,13
tips,13
traceability,13
tracker,13
tune,13
twitter,13
unicode,13
unpredictable,13
urge,13
usa,13
valor,13
veteran,13
viability,13
victim,13
visualize,13
wanderer,13
weekly,13
welcher,13
womans,13
worlds,13
wyoming,13
.c1,12
abundantly,12
accord,12
activate,12
admire,12
advent,12
allein,12
alta,12
alteration,12
altogether,12
altruism,12
ander,12
anxious,12
apart,12
apartment,12
aprs,12
ask,12
assistent,12
atelier,12
attain,12
attainable,12
authentically,12
backyard,12
bedrijven,12
blues,12
brighten,12
brunch,12
capitalism,12
caution,12
celestial,12
ceramic,12
cest,12
circularity,12
clic,12
cluster,12
cohesive,12
colombia,12
command,12
comme,12
compression,12
compromiso,12
concrete,12
continuation,12
contour,12
conversational,12
coral,12
correction,12
cultivation,12
curator,12
curriculum,12
darling,12
dawn,12
declaration,12
defense,12
dess,12
destructive,12
dispense,12
disruptive,12
disturbance,12
divinity,12
dot,12
downtime,12
dragon,12
driving,12
drought,12
dune,12
dure,12
dwelling,12
emergence,12
employer,12
enormous,12
entdeckt,12
especial,12
establish,12
ethos,12
euch,12
everything,12
exclusion,12
f.,12
faites,12
famous,12
feasibility,12
feels,12
felt,12
ffffff,12
flesh,12
formal,12
forthcoming,12
fra,12
franchise,12
freie,12
frequency,12
furthermore,12
futuristic,12
gamble,12
genesis,12
glamour,12
globale,12
goldenen,12
grantmaking,12
grunge,12
harden,12
hearted,12
heavenly,12
helvetica,12
historischer,12
homeownership,12
humanities,12
ice,12
illumination,12
impulsar,12
industri,12
informatik,12
infusion,12
inspires,12
intensely,12
interpreter,12
inventive,12
israel,12
jewel,12
kaufen,12
kindle,12
kinetic,12
kit,12
kostenlosen,12
landet,12
lately,12
lift,12
loan,12
lyricism,12
maceration,12
mann,12
manual,12
marvel,12
massage,12
masters,12
materiality,12
matire,12
mercado,12
mercury,12
merry,12
mettent,12
milestone,12
mom,12
momentos,12
monitor,12
mot,12
move,12
multimedia,12
nav,12
nourriture,12
offiziellen,12
operating,12
operational,12
orchestra,12
outils,12
particulier,12
passport,12
pathology,12
permettent,12
physics,12
playing,12
positioning,12
possession,12
potencial,12
pris,12
privacidad,12
probleem,12
regain,12
regret,12
remembrance,12
renseignements,12
repeat,12
resin,12
rigor,12
rigorous,12
roma,12
rough,12
royal,12
salon,12
score,12
screening,12
separation,12
sexy,12
showground,12
sidebar,12
silver,12
singer,12
sophie,12
specialized,12
src,12
strait,12
submenu,12
succes,12
suffit,12
symbolize,12
teamwork,12
ter,12
terrific,12
terror,12
thanksgiving,12
thee,12
thorough,12
tier,12
tip,12
tm,12
trabalhar,12
trends,12
trong,12
tropical,12
tu,12
ultra,12
unapologetically,12
undeniable,12
unfold,12
unreal,12
vapor,12
verden,12
vergessen,12
verstehen,12
vote,12
votre,12
warrior,12
wells,12
whilst,12
whimsical,12
wolf,12
wonderland,12
acceso,11
accompany,11
achievable,11
adulthood,11
adventurer,11
ali,11
aliveness,11
anda,11
arc,11
aspectos,11
aspects,11
assignment,11
assortment,11
astro,11
audit,11
augment,11
aventure,11
average,11
avoidance,11
awakening,11
bare,11
bas,11
beautify,11
bedroom,11
beneficiary,11
bez,11
binary,11
books,11
brasserie,11
brave,11
buch,11
c,11
calculator,11
cannabi,11
carer,11
cave,11
certaines,11
certification,11
champagne,11
chapbook,11
civile,11
clare,11
climatique,11
clouds,11
cm,11
col,11
commande,11
communion,11
compose,11
concession,11
concise,11
conjunto,11
considerably,11
contemporaine,11
contenu,11
coordination,11
creators,11
deepfake,11
degradation,11
des,11
devon,11
disappear,11
disciple,11
dispositivo,11
doctrine,11
dominique,11
dosis,11
duality,11
dynamically,11
einer,11
element.elementor,11
emanate,11
emily,11
empathetic,11
environ,11
extinction,11
fans,11
far,11
fashioned,11
flagship,11
flame,11
foryourself,11
fraud,11
frightening,11
fruitful,11
fundraising,11
gamer,11
garantie,11
garderobe,11
gemini,11
genera,11
geometry,11
ghost,11
grade,11
grain,11
grandmother,11
gravel,11
hash,11
henderson,11
hesitate,11
heutigen,11
hills,11
historia,11
homeless,11
hout,11
humankind,11
humanos,11
hyperion,11
ideation,11
ill,11
impairment,11
impart,11
imprint,11
inevitably,11
inference,11
innocence,11
institutes,11
instrumental,11
integrale,11
introduce,11
intuitively,11
investigation,11
israeli,11
jesus,11
ji,11
katherine,11
kinship,11
kund,11
lager,11
lean,11
letting,11
lis,11
liste,11
ll,11
lonely,11
luscious,11
mach,11
makeup,11
manifeste,11
manufacturing,11
mariage,11
mastercard,11
masterful,11
maternal,11
means,11
melody,11
mens,11
menschliche,11
mentality,11
messenger,11
metric,11
microsoft,11
mist,11
ml,11
modest,11
mouvement,11
mt,11
musst,11
nap,11
needs,11
nich,11
offline,11
oma,11
optimally,11
optimistic,11
optimization,11
palm,11
partial,11
partys,11
pastime,11
perfectionism,11
permaculture,11
pertain,11
petite,11
physicality,11
piano,11
picturesque,11
pineapple,11
pinnacle,11
pioneer,11
pizza,11
plot,11
politic,11
pot,11
principal,11
programas,11
promising,11
q,11
queensland,11
questa,11
radically,11
reaction,11
readable,11
reale,11
